--
-- PostgreSQL database dump
--

-- Dumped from database version 17.4
-- Dumped by pg_dump version 17.4

-- Started on 2025-06-03 22:50:50

SET statement_timeout = 0;
SET lock_timeout = 0;
SET idle_in_transaction_session_timeout = 0;
SET transaction_timeout = 0;
SET client_encoding = 'UTF8';
SET standard_conforming_strings = on;
SELECT pg_catalog.set_config('search_path', '', false);
SET check_function_bodies = false;
SET xmloption = content;
SET client_min_messages = warning;
SET row_security = off;

SET default_tablespace = '';

SET default_table_access_method = heap;

--
-- TOC entry 218 (class 1259 OID 19621)
-- Name: card; Type: TABLE; Schema: public; Owner: Admin_Database_Monopoly
--

CREATE TABLE public.card (
    type character varying(31) NOT NULL,
    id bigint NOT NULL,
    name character varying(255),
    "position" integer NOT NULL,
    mortgage_price integer,
    price integer,
    price_hotel integer,
    price_house integer,
    rent integer,
    group_id integer
);


ALTER TABLE public.card OWNER TO "Admin_Database_Monopoly";

--
-- TOC entry 217 (class 1259 OID 19620)
-- Name: card_id_seq; Type: SEQUENCE; Schema: public; Owner: Admin_Database_Monopoly
--

ALTER TABLE public.card ALTER COLUMN id ADD GENERATED BY DEFAULT AS IDENTITY (
    SEQUENCE NAME public.card_id_seq
    START WITH 1
    INCREMENT BY 1
    NO MINVALUE
    NO MAXVALUE
    CACHE 1
);


--
-- TOC entry 219 (class 1259 OID 19626)
-- Name: property_card_rents; Type: TABLE; Schema: public; Owner: Admin_Database_Monopoly
--

CREATE TABLE public.property_card_rents (
    property_card_id bigint NOT NULL,
    rents integer
);


ALTER TABLE public.property_card_rents OWNER TO "Admin_Database_Monopoly";

--
-- TOC entry 221 (class 1259 OID 19630)
-- Name: property_group; Type: TABLE; Schema: public; Owner: Admin_Database_Monopoly
--

CREATE TABLE public.property_group (
    id integer NOT NULL,
    color character varying(255)
);


ALTER TABLE public.property_group OWNER TO "Admin_Database_Monopoly";

--
-- TOC entry 220 (class 1259 OID 19629)
-- Name: property_group_id_seq; Type: SEQUENCE; Schema: public; Owner: Admin_Database_Monopoly
--

ALTER TABLE public.property_group ALTER COLUMN id ADD GENERATED BY DEFAULT AS IDENTITY (
    SEQUENCE NAME public.property_group_id_seq
    START WITH 1
    INCREMENT BY 1
    NO MINVALUE
    NO MAXVALUE
    CACHE 1
);


--
-- TOC entry 222 (class 1259 OID 19635)
-- Name: service_card_multiplicator; Type: TABLE; Schema: public; Owner: Admin_Database_Monopoly
--

CREATE TABLE public.service_card_multiplicator (
    service_card_id bigint NOT NULL,
    multiplicator integer
);


ALTER TABLE public.service_card_multiplicator OWNER TO "Admin_Database_Monopoly";

--
-- TOC entry 223 (class 1259 OID 19638)
-- Name: transport_card_rents; Type: TABLE; Schema: public; Owner: Admin_Database_Monopoly
--

CREATE TABLE public.transport_card_rents (
    transport_card_id bigint NOT NULL,
    rents integer
);


ALTER TABLE public.transport_card_rents OWNER TO "Admin_Database_Monopoly";

--
-- TOC entry 4913 (class 0 OID 19621)
-- Dependencies: 218
-- Data for Name: card; Type: TABLE DATA; Schema: public; Owner: Admin_Database_Monopoly
--

COPY public.card (type, id, name, "position", mortgage_price, price, price_hotel, price_house, rent, group_id) FROM stdin;
Card	1	salida	0	\N	\N	\N	\N	\N	\N
Card	2	carcel	10	\N	\N	\N	\N	\N	\N
Card	3	free-parking	20	\N	\N	\N	\N	\N	\N
Card	4	policia	30	\N	\N	\N	\N	\N	\N
TAXES	11	impuesto-sobre-poseciones-de-lujo	38	\N	\N	\N	\N	100	\N
TAXES	12	impuesto-sobre-ingresos	4	\N	\N	\N	\N	200	\N
TRANSPORT	15	ferrocarril-reading	5	100	200	\N	\N	\N	\N
TRANSPORT	16	ferrocarril-pennsylvania	15	100	200	\N	\N	\N	\N
TRANSPORT	17	ferrocarril-b.-&-o.	25	100	200	\N	\N	\N	\N
TRANSPORT	18	ferrocarril-via-rapida	35	100	200	\N	\N	\N	\N
SERVICE	20	compañia-de-electricidad	12	75	150	\N	\N	\N	\N
SERVICE	21	compañia-de-agua	28	75	150	\N	\N	\N	\N
PROPERTY	22	avenida-mediterraneo	1	30	60	50	50	\N	1
PROPERTY	23	avenida-baltica	3	30	60	50	50	\N	1
PROPERTY	24	avenida-oriental	6	50	100	50	50	\N	2
PROPERTY	25	avenida-vermont	8	50	100	50	50	\N	2
PROPERTY	26	avenida-connecticut	9	60	120	50	50	\N	2
PROPERTY	27	plaza-san-carlos	11	70	140	100	100	\N	3
PROPERTY	28	avenida-status	13	70	140	100	100	\N	3
PROPERTY	29	avenida-virginia	14	80	160	100	100	\N	3
PROPERTY	31	avenida-tennessee	18	90	180	100	100	\N	4
PROPERTY	32	avenida-nueva-york	19	100	200	100	100	\N	4
PROPERTY	33	avenida-kentucky	21	110	220	150	150	\N	5
PROPERTY	34	avenida-indiana	23	110	220	150	150	\N	5
PROPERTY	35	avenida-illinois	24	120	240	150	150	\N	5
PROPERTY	36	avenida-atlantico	26	130	260	150	150	\N	6
PROPERTY	37	avenida-ventor	27	130	260	150	150	\N	6
PROPERTY	39	avenida-pacifico	31	150	300	200	200	\N	7
PROPERTY	41	avenida-pennsylvania	34	160	320	200	200	\N	7
PROPERTY	42	plaza-park	37	175	350	200	200	\N	8
PROPERTY	43	el-muelle	39	200	400	200	200	\N	8
Card	5	arca-comunal	2	\N	\N	\N	\N	\N	\N
Card	6	arca-comunal	17	\N	\N	\N	\N	\N	\N
Card	7	arca-comunal	33	\N	\N	\N	\N	\N	\N
Card	8	fortuna	7	\N	\N	\N	\N	\N	\N
Card	9	fortuna	22	\N	\N	\N	\N	\N	\N
Card	10	fortuna	36	\N	\N	\N	\N	\N	\N
PROPERTY	30	plaza-st.james	16	90	180	100	100	\N	4
PROPERTY	38	jardines-marvin	29	140	280	150	150	\N	6
PROPERTY	40	avenida-carolina-del-norte	32	150	300	200	200	\N	7
\.


--
-- TOC entry 4914 (class 0 OID 19626)
-- Dependencies: 219
-- Data for Name: property_card_rents; Type: TABLE DATA; Schema: public; Owner: Admin_Database_Monopoly
--

COPY public.property_card_rents (property_card_id, rents) FROM stdin;
22	2
22	10
22	30
22	90
22	160
22	250
23	4
23	20
23	60
23	180
23	320
23	450
24	6
24	30
24	90
24	270
24	400
24	550
25	6
25	30
25	90
25	270
25	400
25	550
26	8
26	40
26	100
26	300
26	450
26	600
27	10
27	50
27	150
27	450
27	625
27	750
28	10
28	50
28	150
28	450
28	625
28	750
29	12
29	60
29	180
29	500
29	700
29	900
30	14
30	70
30	200
30	550
30	750
30	950
31	14
31	70
31	200
31	550
31	750
31	950
32	16
32	80
32	220
32	600
32	800
32	1000
33	18
33	90
33	250
33	700
33	875
33	1050
34	18
34	90
34	250
34	700
34	875
34	1050
35	20
35	100
35	300
35	750
35	925
35	1150
36	22
36	110
36	330
36	800
36	975
36	1150
37	22
37	110
37	330
37	800
37	975
37	1150
38	24
38	120
38	360
38	850
38	1025
38	1200
39	26
39	130
39	390
39	900
39	1100
39	1275
40	26
40	130
40	390
40	900
40	1100
40	1275
41	28
41	150
41	450
41	1000
41	1200
41	1400
42	35
42	175
42	500
42	1100
42	1300
42	1500
43	50
43	200
43	600
43	1400
43	1700
43	2000
\.


--
-- TOC entry 4916 (class 0 OID 19630)
-- Dependencies: 221
-- Data for Name: property_group; Type: TABLE DATA; Schema: public; Owner: Admin_Database_Monopoly
--

COPY public.property_group (id, color) FROM stdin;
1	cafe
2	azul-claro
3	rosado
4	naranja
5	rojo
6	amarillo
7	verde
8	azul-oscuro
\.


--
-- TOC entry 4917 (class 0 OID 19635)
-- Dependencies: 222
-- Data for Name: service_card_multiplicator; Type: TABLE DATA; Schema: public; Owner: Admin_Database_Monopoly
--

COPY public.service_card_multiplicator (service_card_id, multiplicator) FROM stdin;
20	4
20	10
21	4
21	10
\.


--
-- TOC entry 4918 (class 0 OID 19638)
-- Dependencies: 223
-- Data for Name: transport_card_rents; Type: TABLE DATA; Schema: public; Owner: Admin_Database_Monopoly
--

COPY public.transport_card_rents (transport_card_id, rents) FROM stdin;
15	25
15	50
15	100
15	200
16	25
16	50
16	100
16	200
17	25
17	50
17	100
17	200
18	25
18	50
18	100
18	200
\.


--
-- TOC entry 4924 (class 0 OID 0)
-- Dependencies: 217
-- Name: card_id_seq; Type: SEQUENCE SET; Schema: public; Owner: Admin_Database_Monopoly
--

SELECT pg_catalog.setval('public.card_id_seq', 43, true);


--
-- TOC entry 4925 (class 0 OID 0)
-- Dependencies: 220
-- Name: property_group_id_seq; Type: SEQUENCE SET; Schema: public; Owner: Admin_Database_Monopoly
--

SELECT pg_catalog.setval('public.property_group_id_seq', 8, true);


--
-- TOC entry 4760 (class 2606 OID 19625)
-- Name: card card_pkey; Type: CONSTRAINT; Schema: public; Owner: Admin_Database_Monopoly
--

ALTER TABLE ONLY public.card
    ADD CONSTRAINT card_pkey PRIMARY KEY (id);


--
-- TOC entry 4762 (class 2606 OID 19634)
-- Name: property_group property_group_pkey; Type: CONSTRAINT; Schema: public; Owner: Admin_Database_Monopoly
--

ALTER TABLE ONLY public.property_group
    ADD CONSTRAINT property_group_pkey PRIMARY KEY (id);


--
-- TOC entry 4764 (class 2606 OID 19646)
-- Name: property_card_rents fk4gnjpu8x7efg1txq1vdrs1oav; Type: FK CONSTRAINT; Schema: public; Owner: Admin_Database_Monopoly
--

ALTER TABLE ONLY public.property_card_rents
    ADD CONSTRAINT fk4gnjpu8x7efg1txq1vdrs1oav FOREIGN KEY (property_card_id) REFERENCES public.card(id);


--
-- TOC entry 4765 (class 2606 OID 19651)
-- Name: service_card_multiplicator fk9oemxwh0dtx3dmmsqc353oswn; Type: FK CONSTRAINT; Schema: public; Owner: Admin_Database_Monopoly
--

ALTER TABLE ONLY public.service_card_multiplicator
    ADD CONSTRAINT fk9oemxwh0dtx3dmmsqc353oswn FOREIGN KEY (service_card_id) REFERENCES public.card(id);


--
-- TOC entry 4766 (class 2606 OID 19656)
-- Name: transport_card_rents fkj1bexjmu6ty7itgllsh70vf59; Type: FK CONSTRAINT; Schema: public; Owner: Admin_Database_Monopoly
--

ALTER TABLE ONLY public.transport_card_rents
    ADD CONSTRAINT fkj1bexjmu6ty7itgllsh70vf59 FOREIGN KEY (transport_card_id) REFERENCES public.card(id);


--
-- TOC entry 4763 (class 2606 OID 19641)
-- Name: card fkkmbw1dyvufsnha04vboje88k4; Type: FK CONSTRAINT; Schema: public; Owner: Admin_Database_Monopoly
--

ALTER TABLE ONLY public.card
    ADD CONSTRAINT fkkmbw1dyvufsnha04vboje88k4 FOREIGN KEY (group_id) REFERENCES public.property_group(id);


-- Completed on 2025-06-03 22:50:50

--
-- PostgreSQL database dump complete
--

